amfi_code,Tracking_Error
120505,0.231968
120843,0.206425
100033,0.228699
119598,0.283881
148567,0.189664
